canonical_url,locale,href
https://nrlc.ai/careers/new-york/schema-engineer/,de-de,https://nrlc.ai/de-de/careers/new-york/schema-engineer/
https://nrlc.ai/careers/new-york/schema-engineer/,en-gb,https://nrlc.ai/en-gb/careers/new-york/schema-engineer/
https://nrlc.ai/careers/new-york/schema-engineer/,en-us,https://nrlc.ai/en-us/careers/new-york/schema-engineer/
https://nrlc.ai/careers/new-york/schema-engineer/,es-es,https://nrlc.ai/es-es/careers/new-york/schema-engineer/
https://nrlc.ai/careers/new-york/schema-engineer/,fr-fr,https://nrlc.ai/fr-fr/careers/new-york/schema-engineer/
https://nrlc.ai/careers/new-york/schema-engineer/,ko-kr,https://nrlc.ai/ko-kr/careers/new-york/schema-engineer/
https://nrlc.ai/careers/seoul/technical-writer/,de-de,https://nrlc.ai/de-de/careers/seoul/technical-writer/
https://nrlc.ai/careers/seoul/technical-writer/,en-gb,https://nrlc.ai/en-gb/careers/seoul/technical-writer/
https://nrlc.ai/careers/seoul/technical-writer/,en-us,https://nrlc.ai/en-us/careers/seoul/technical-writer/
https://nrlc.ai/careers/seoul/technical-writer/,es-es,https://nrlc.ai/es-es/careers/seoul/technical-writer/
https://nrlc.ai/careers/seoul/technical-writer/,fr-fr,https://nrlc.ai/fr-fr/careers/seoul/technical-writer/
https://nrlc.ai/careers/seoul/technical-writer/,ko-kr,https://nrlc.ai/ko-kr/careers/seoul/technical-writer/
https://nrlc.ai/careers/tokyo/llm-strategist/,de-de,https://nrlc.ai/de-de/careers/tokyo/llm-strategist/
https://nrlc.ai/careers/tokyo/llm-strategist/,en-gb,https://nrlc.ai/en-gb/careers/tokyo/llm-strategist/
https://nrlc.ai/careers/tokyo/llm-strategist/,en-us,https://nrlc.ai/en-us/careers/tokyo/llm-strategist/
https://nrlc.ai/careers/tokyo/llm-strategist/,es-es,https://nrlc.ai/es-es/careers/tokyo/llm-strategist/
https://nrlc.ai/careers/tokyo/llm-strategist/,fr-fr,https://nrlc.ai/fr-fr/careers/tokyo/llm-strategist/
https://nrlc.ai/careers/tokyo/llm-strategist/,ko-kr,https://nrlc.ai/ko-kr/careers/tokyo/llm-strategist/
https://nrlc.ai/de-de/careers/london/llm-strategist/,de-de,https://nrlc.ai/de-de/careers/london/llm-strategist
https://nrlc.ai/de-de/careers/london/llm-strategist/,en-gb,https://nrlc.ai/en-gb/careers/london/llm-strategist
https://nrlc.ai/de-de/careers/london/llm-strategist/,en-us,https://nrlc.ai/en-us/careers/london/llm-strategist
https://nrlc.ai/de-de/careers/london/llm-strategist/,es-es,https://nrlc.ai/es-es/careers/london/llm-strategist
https://nrlc.ai/de-de/careers/london/llm-strategist/,fr-fr,https://nrlc.ai/fr-fr/careers/london/llm-strategist
https://nrlc.ai/de-de/careers/london/llm-strategist/,ko-kr,https://nrlc.ai/ko-kr/careers/london/llm-strategist
https://nrlc.ai/de-de/careers/seoul/seo-specialist/,de-de,https://nrlc.ai/de-de/careers/seoul/seo-specialist
https://nrlc.ai/de-de/careers/seoul/seo-specialist/,en-gb,https://nrlc.ai/en-gb/careers/seoul/seo-specialist
https://nrlc.ai/de-de/careers/seoul/seo-specialist/,en-us,https://nrlc.ai/en-us/careers/seoul/seo-specialist
https://nrlc.ai/de-de/careers/seoul/seo-specialist/,es-es,https://nrlc.ai/es-es/careers/seoul/seo-specialist
https://nrlc.ai/de-de/careers/seoul/seo-specialist/,fr-fr,https://nrlc.ai/fr-fr/careers/seoul/seo-specialist
https://nrlc.ai/de-de/careers/seoul/seo-specialist/,ko-kr,https://nrlc.ai/ko-kr/careers/seoul/seo-specialist
https://nrlc.ai/en-gb/careers/singapore/technical-writer/,de-de,https://nrlc.ai/de-de/careers/singapore/technical-writer
https://nrlc.ai/en-gb/careers/singapore/technical-writer/,en-gb,https://nrlc.ai/en-gb/careers/singapore/technical-writer
https://nrlc.ai/en-gb/careers/singapore/technical-writer/,en-us,https://nrlc.ai/en-us/careers/singapore/technical-writer
https://nrlc.ai/en-gb/careers/singapore/technical-writer/,es-es,https://nrlc.ai/es-es/careers/singapore/technical-writer
https://nrlc.ai/en-gb/careers/singapore/technical-writer/,fr-fr,https://nrlc.ai/fr-fr/careers/singapore/technical-writer
https://nrlc.ai/en-gb/careers/singapore/technical-writer/,ko-kr,https://nrlc.ai/ko-kr/careers/singapore/technical-writer
https://nrlc.ai/en-us/careers/toronto/technical-writer/,de-de,https://nrlc.ai/de-de/careers/toronto/technical-writer
https://nrlc.ai/en-us/careers/toronto/technical-writer/,en-gb,https://nrlc.ai/en-gb/careers/toronto/technical-writer
https://nrlc.ai/en-us/careers/toronto/technical-writer/,en-us,https://nrlc.ai/en-us/careers/toronto/technical-writer
https://nrlc.ai/en-us/careers/toronto/technical-writer/,es-es,https://nrlc.ai/es-es/careers/toronto/technical-writer
https://nrlc.ai/en-us/careers/toronto/technical-writer/,fr-fr,https://nrlc.ai/fr-fr/careers/toronto/technical-writer
https://nrlc.ai/en-us/careers/toronto/technical-writer/,ko-kr,https://nrlc.ai/ko-kr/careers/toronto/technical-writer
https://nrlc.ai/en-us/services/analytics/seoul/,de-de,https://nrlc.ai/de-de/services/analytics/seoul
https://nrlc.ai/en-us/services/analytics/seoul/,en-gb,https://nrlc.ai/en-gb/services/analytics/seoul
https://nrlc.ai/en-us/services/analytics/seoul/,en-us,https://nrlc.ai/en-us/services/analytics/seoul
https://nrlc.ai/en-us/services/analytics/seoul/,es-es,https://nrlc.ai/es-es/services/analytics/seoul
https://nrlc.ai/en-us/services/analytics/seoul/,fr-fr,https://nrlc.ai/fr-fr/services/analytics/seoul
https://nrlc.ai/en-us/services/analytics/seoul/,ko-kr,https://nrlc.ai/ko-kr/services/analytics/seoul
https://nrlc.ai/en-us/services/content-optimization-ai/sejong/,de-de,https://nrlc.ai/de-de/services/content-optimization-ai/sejong
https://nrlc.ai/en-us/services/content-optimization-ai/sejong/,en-gb,https://nrlc.ai/en-gb/services/content-optimization-ai/sejong
https://nrlc.ai/en-us/services/content-optimization-ai/sejong/,en-us,https://nrlc.ai/en-us/services/content-optimization-ai/sejong
https://nrlc.ai/en-us/services/content-optimization-ai/sejong/,es-es,https://nrlc.ai/es-es/services/content-optimization-ai/sejong
https://nrlc.ai/en-us/services/content-optimization-ai/sejong/,fr-fr,https://nrlc.ai/fr-fr/services/content-optimization-ai/sejong
https://nrlc.ai/en-us/services/content-optimization-ai/sejong/,ko-kr,https://nrlc.ai/ko-kr/services/content-optimization-ai/sejong
https://nrlc.ai/en-us/services/explainability-optimization-ai/hamilton/,de-de,https://nrlc.ai/de-de/services/explainability-optimization-ai/hamilton
https://nrlc.ai/en-us/services/explainability-optimization-ai/hamilton/,en-gb,https://nrlc.ai/en-gb/services/explainability-optimization-ai/hamilton
https://nrlc.ai/en-us/services/explainability-optimization-ai/hamilton/,en-us,https://nrlc.ai/en-us/services/explainability-optimization-ai/hamilton
https://nrlc.ai/en-us/services/explainability-optimization-ai/hamilton/,es-es,https://nrlc.ai/es-es/services/explainability-optimization-ai/hamilton
https://nrlc.ai/en-us/services/explainability-optimization-ai/hamilton/,fr-fr,https://nrlc.ai/fr-fr/services/explainability-optimization-ai/hamilton
https://nrlc.ai/en-us/services/explainability-optimization-ai/hamilton/,ko-kr,https://nrlc.ai/ko-kr/services/explainability-optimization-ai/hamilton
https://nrlc.ai/en-us/services/international-seo/tokyo/,de-de,https://nrlc.ai/de-de/services/international-seo/tokyo
https://nrlc.ai/en-us/services/international-seo/tokyo/,en-gb,https://nrlc.ai/en-gb/services/international-seo/tokyo
https://nrlc.ai/en-us/services/international-seo/tokyo/,en-us,https://nrlc.ai/en-us/services/international-seo/tokyo
https://nrlc.ai/en-us/services/international-seo/tokyo/,es-es,https://nrlc.ai/es-es/services/international-seo/tokyo
https://nrlc.ai/en-us/services/international-seo/tokyo/,fr-fr,https://nrlc.ai/fr-fr/services/international-seo/tokyo
https://nrlc.ai/en-us/services/international-seo/tokyo/,ko-kr,https://nrlc.ai/ko-kr/services/international-seo/tokyo
https://nrlc.ai/en-us/services/technical-seo/new-york/,de-de,https://nrlc.ai/de-de/services/technical-seo/new-york
https://nrlc.ai/en-us/services/technical-seo/new-york/,en-gb,https://nrlc.ai/en-gb/services/technical-seo/new-york
https://nrlc.ai/en-us/services/technical-seo/new-york/,en-us,https://nrlc.ai/en-us/services/technical-seo/new-york
https://nrlc.ai/en-us/services/technical-seo/new-york/,es-es,https://nrlc.ai/es-es/services/technical-seo/new-york
https://nrlc.ai/en-us/services/technical-seo/new-york/,fr-fr,https://nrlc.ai/fr-fr/services/technical-seo/new-york
https://nrlc.ai/en-us/services/technical-seo/new-york/,ko-kr,https://nrlc.ai/ko-kr/services/technical-seo/new-york
https://nrlc.ai/services/generative-seo/fukaya/,de-de,https://nrlc.ai/de-de/services/generative-seo/fukaya/
https://nrlc.ai/services/generative-seo/fukaya/,en-gb,https://nrlc.ai/en-gb/services/generative-seo/fukaya/
https://nrlc.ai/services/generative-seo/fukaya/,en-us,https://nrlc.ai/en-us/services/generative-seo/fukaya/
https://nrlc.ai/services/generative-seo/fukaya/,es-es,https://nrlc.ai/es-es/services/generative-seo/fukaya/
https://nrlc.ai/services/generative-seo/fukaya/,fr-fr,https://nrlc.ai/fr-fr/services/generative-seo/fukaya/
https://nrlc.ai/services/generative-seo/fukaya/,ko-kr,https://nrlc.ai/ko-kr/services/generative-seo/fukaya/
https://nrlc.ai/services/generative-seo/oshawa/,de-de,https://nrlc.ai/de-de/services/generative-seo/oshawa/
https://nrlc.ai/services/generative-seo/oshawa/,en-gb,https://nrlc.ai/en-gb/services/generative-seo/oshawa/
https://nrlc.ai/services/generative-seo/oshawa/,en-us,https://nrlc.ai/en-us/services/generative-seo/oshawa/
https://nrlc.ai/services/generative-seo/oshawa/,es-es,https://nrlc.ai/es-es/services/generative-seo/oshawa/
https://nrlc.ai/services/generative-seo/oshawa/,fr-fr,https://nrlc.ai/fr-fr/services/generative-seo/oshawa/
https://nrlc.ai/services/generative-seo/oshawa/,ko-kr,https://nrlc.ai/ko-kr/services/generative-seo/oshawa/
https://nrlc.ai/services/llm-seeding/new-york/,de-de,https://nrlc.ai/de-de/services/llm-seeding/new-york/
https://nrlc.ai/services/llm-seeding/new-york/,en-gb,https://nrlc.ai/en-gb/services/llm-seeding/new-york/
https://nrlc.ai/services/llm-seeding/new-york/,en-us,https://nrlc.ai/en-us/services/llm-seeding/new-york/
https://nrlc.ai/services/llm-seeding/new-york/,es-es,https://nrlc.ai/es-es/services/llm-seeding/new-york/
https://nrlc.ai/services/llm-seeding/new-york/,fr-fr,https://nrlc.ai/fr-fr/services/llm-seeding/new-york/
https://nrlc.ai/services/llm-seeding/new-york/,ko-kr,https://nrlc.ai/ko-kr/services/llm-seeding/new-york/
https://nrlc.ai/services/perplexity-optimization/el-paso/,de-de,https://nrlc.ai/de-de/services/perplexity-optimization/el-paso/
https://nrlc.ai/services/perplexity-optimization/el-paso/,en-gb,https://nrlc.ai/en-gb/services/perplexity-optimization/el-paso/
https://nrlc.ai/services/perplexity-optimization/el-paso/,en-us,https://nrlc.ai/en-us/services/perplexity-optimization/el-paso/
https://nrlc.ai/services/perplexity-optimization/el-paso/,es-es,https://nrlc.ai/es-es/services/perplexity-optimization/el-paso/
https://nrlc.ai/services/perplexity-optimization/el-paso/,fr-fr,https://nrlc.ai/fr-fr/services/perplexity-optimization/el-paso/
https://nrlc.ai/services/perplexity-optimization/el-paso/,ko-kr,https://nrlc.ai/ko-kr/services/perplexity-optimization/el-paso/
https://nrlc.ai/services/schema-markup-ai/toda/,de-de,https://nrlc.ai/de-de/services/schema-markup-ai/toda/
https://nrlc.ai/services/schema-markup-ai/toda/,en-gb,https://nrlc.ai/en-gb/services/schema-markup-ai/toda/
https://nrlc.ai/services/schema-markup-ai/toda/,en-us,https://nrlc.ai/en-us/services/schema-markup-ai/toda/
https://nrlc.ai/services/schema-markup-ai/toda/,es-es,https://nrlc.ai/es-es/services/schema-markup-ai/toda/
https://nrlc.ai/services/schema-markup-ai/toda/,fr-fr,https://nrlc.ai/fr-fr/services/schema-markup-ai/toda/
https://nrlc.ai/services/schema-markup-ai/toda/,ko-kr,https://nrlc.ai/ko-kr/services/schema-markup-ai/toda/
https://nrlc.ai/services/semantic-seo-ai/cambridge/,de-de,https://nrlc.ai/de-de/services/semantic-seo-ai/cambridge/
https://nrlc.ai/services/semantic-seo-ai/cambridge/,en-gb,https://nrlc.ai/en-gb/services/semantic-seo-ai/cambridge/
https://nrlc.ai/services/semantic-seo-ai/cambridge/,en-us,https://nrlc.ai/en-us/services/semantic-seo-ai/cambridge/
https://nrlc.ai/services/semantic-seo-ai/cambridge/,es-es,https://nrlc.ai/es-es/services/semantic-seo-ai/cambridge/
https://nrlc.ai/services/semantic-seo-ai/cambridge/,fr-fr,https://nrlc.ai/fr-fr/services/semantic-seo-ai/cambridge/
https://nrlc.ai/services/semantic-seo-ai/cambridge/,ko-kr,https://nrlc.ai/ko-kr/services/semantic-seo-ai/cambridge/
https://nrlc.ai/services/site-audits/london/,de-de,https://nrlc.ai/de-de/services/site-audits/london/
https://nrlc.ai/services/site-audits/london/,en-gb,https://nrlc.ai/en-gb/services/site-audits/london/
https://nrlc.ai/services/site-audits/london/,en-us,https://nrlc.ai/en-us/services/site-audits/london/
https://nrlc.ai/services/site-audits/london/,es-es,https://nrlc.ai/es-es/services/site-audits/london/
https://nrlc.ai/services/site-audits/london/,fr-fr,https://nrlc.ai/fr-fr/services/site-audits/london/
https://nrlc.ai/services/site-audits/london/,ko-kr,https://nrlc.ai/ko-kr/services/site-audits/london/
https://nrlc.ai/services/technical-seo/tokyo/,de-de,https://nrlc.ai/de-de/services/technical-seo/tokyo/
https://nrlc.ai/services/technical-seo/tokyo/,en-gb,https://nrlc.ai/en-gb/services/technical-seo/tokyo/
https://nrlc.ai/services/technical-seo/tokyo/,en-us,https://nrlc.ai/en-us/services/technical-seo/tokyo/
https://nrlc.ai/services/technical-seo/tokyo/,es-es,https://nrlc.ai/es-es/services/technical-seo/tokyo/
https://nrlc.ai/services/technical-seo/tokyo/,fr-fr,https://nrlc.ai/fr-fr/services/technical-seo/tokyo/
https://nrlc.ai/services/technical-seo/tokyo/,ko-kr,https://nrlc.ai/ko-kr/services/technical-seo/tokyo/